[{"SerId":1081,"OpenId":"oZaHZsxs4Y8C0moUFYqeCxfHfzkU","UserCode":"7df465d93f05d225","Gender":1,"Nickname":"︶","HeadImg":"http://thirdwx.qlogo.cn/mmopen/vi_32/oAhQxQlrnSOC2sQvIUlRBvHM6vrEPNicvp8l4JPAbA93nJGMVjtZATO4mibPPl46BmZKvfv599p1B3AZmqricMrcg/132","CreateUser":"7df465d93f05d225","ModifiedUser":"7df465d93f05d225","CreateTime":"/Date(1524041112153)/","ModifiedTime":"/Date(1524041148530)/","IsDel":"N"},{"SerId":1080,"OpenId":"oZaHZs6py13nOBRp-Xj52YWU23DE","UserCode":"99491da7c103b801","Gender":1,"Nickname":"ZDC","HeadImg":"http://thirdwx.qlogo.cn/mmopen/vi_32/yVJAibpKF1zPc0A6tJomcibw2VwibM4gqvzRCV6TQFhUSnp82jDN9dt1QXujicwY5IR2KCibgzKd7jtvWUDzhXPsvibw/132","CreateUser":"99491da7c103b801","ModifiedUser":"99491da7c103b801","CreateTime":"/Date(1524036704020)/","ModifiedTime":"/Date(1524036704020)/","IsDel":"N"},{"SerId":1079,"OpenId":"oZaHZs-s2seSXVOqnZ-R3WFZtx4Y","UserCode":"e6ca352f50c0365c","Gender":1,"Nickname":"A0广源（宏宇）汽车技术服务张方宏","HeadImg":"http://thirdwx.qlogo.cn/mmopen/vi_32/ryrP8ADPsskFek0gtGpXL9c0fibzG02aoOhxkAEsMRbVibQDaLhMduOOnpwzick0yJS5Br3MicsmtziaKY6C2dUKqyw/132","CreateUser":"e6ca352f50c0365c","ModifiedUser":"e6ca352f50c0365c","CreateTime":"/Date(1524032683420)/","ModifiedTime":"/Date(1524032683420)/","IsDel":"N"},{"SerId":1078,"OpenId":"oZaHZs4Zt2u6cQlwkNIUoRzUHJk8","UserCode":"c156919e524cc7be","Gender":1,"Nickname":"恒瑞汽修","HeadImg":"http://thirdwx.qlogo.cn/mmopen/vi_32/Q0j4TwGTfTKdzDIAibDicqjL963DFzu03Rub1Wf7zx4fzAyibvL0jp7ZPP54VpDibswOvHVjhHINPGc2MXoEMbqrFA/132","CreateUser":"c156919e524cc7be","ModifiedUser":"c156919e524cc7be","CreateTime":"/Date(1524017073653)/","ModifiedTime":"/Date(1524017215567)/","IsDel":"N"},{"SerId":1077,"OpenId":"oZaHZsxClzywjPAGElCtiHBBwloU","UserCode":"45657928907b3080","Gender":1,"Nickname":"匠心比心","HeadImg":"http://thirdwx.qlogo.cn/mmopen/vi_32/Q0j4TwGTfTJftd8L0SUCtweuglo7Z6r9ayJicKVszm6bOTxDokHh3QF2icC01BqjmZkxHVJJA6UBWCkOxKZhRciaw/132","CreateUser":"45657928907b3080","ModifiedUser":"45657928907b3080","CreateTime":"/Date(1523980321760)/","ModifiedTime":"/Date(1523980321760)/","IsDel":"N"},{"SerId":1076,"OpenId":"oZaHZsyUF3XOlINq_6fmRgbz79kQ","UserCode":"904d3ea393b9d0f0","Gender":1,"Nickname":"ﻩAngleﻩDevil","HeadImg":"http://thirdwx.qlogo.cn/mmopen/vi_32/Q0j4TwGTfTJEjWna2Lj1QKrfO0KcIrNh3qgPj2e8llAK84mbzmdgl9BotKMb5l5g2RrDrGSSAHXN1IWOugDE9Q/132","CreateUser":"904d3ea393b9d0f0","ModifiedUser":"904d3ea393b9d0f0","CreateTime":"/Date(1523972548460)/","ModifiedTime":"/Date(1523972548460)/","IsDel":"N"},{"SerId":1075,"OpenId":"oZaHZsxuXPz6xQ3WIOGUtKPifRzM","UserCode":"f01e5cc048eccccc","Gender":1,"Nickname":"AAA、文博汽修15890552814","HeadImg":"http://thirdwx.qlogo.cn/mmopen/vi_32/DYAIOgq83eq0AkuAbImaVVFot6yJweibx1y4QS2z9IuhXujZFib9Os2icv0XxN1mibaB6KNb4rSV2LvDRGYXKVcXtg/132","CreateUser":"f01e5cc048eccccc","ModifiedUser":"f01e5cc048eccccc","CreateTime":"/Date(1523970750037)/","ModifiedTime":"/Date(1523970750037)/","IsDel":"N"},{"SerId":1074,"OpenId":"oZaHZsw8ecbExCfXAfzk63oK5E58","UserCode":"a618f67a5f1684bc","Gender":1,"Nickname":"瞎℡扯淡","HeadImg":"http://thirdwx.qlogo.cn/mmopen/vi_32/Q0j4TwGTfTL5mK5OQgSSia4icN8xYUVoMuRvFYWNEtSwQIUWYprUhzrdEic1iaXkxSzLRANOCNqOVicLBwIYxLNbpbQ/132","CreateUser":"a618f67a5f1684bc","ModifiedUser":"a618f67a5f1684bc","CreateTime":"/Date(1523966943330)/","ModifiedTime":"/Date(1523967067557)/","IsDel":"N"},{"SerId":1073,"OpenId":"oZaHZs0bjtvnFC0RRv2hp3puLVM0","UserCode":"f859bb1e35478a4","Gender":1,"Nickname":"张仟","HeadImg":"http://thirdwx.qlogo.cn/mmopen/vi_32/Ke1e8wsJIDGBmFykGTuNwtyvEUt0WAPr9koSBlichgDNOMxBTEKUPUZicyHL4GtvtxLk7wzDPDjG511VKy7WW3ew/132","CreateUser":"f859bb1e35478a4","ModifiedUser":"f859bb1e35478a4","CreateTime":"/Date(1523966037110)/","ModifiedTime":"/Date(1523966037110)/","IsDel":"N"},{"SerId":1072,"OpenId":"oZaHZs2TdOUYa3TJto6Fou9C_maA","UserCode":"130c1ab827943f4e","Gender":0,"Nickname":"诚成汽修美容18179738736","HeadImg":"http://thirdwx.qlogo.cn/mmopen/vi_32/Bjafs38iajQky0XHfdjJ6HPwT3SDTdnz7Rpxq8ktJCvnSeV0icFVjzq6SoTTr9aVP8LYLe2iajBLVspK42UicofpHQ/132","CreateUser":"130c1ab827943f4e","ModifiedUser":"130c1ab827943f4e","CreateTime":"/Date(1523958607583)/","ModifiedTime":"/Date(1523958607583)/","IsDel":"N"},{"SerId":1071,"OpenId":"oZaHZs8QML0Yc7rr7k7yUuzsq-T8","UserCode":"5d2e7284d6a7d3b6","Gender":1,"Nickname":"人生@独行","HeadImg":"http://thirdwx.qlogo.cn/mmopen/vi_32/Q0j4TwGTfTJnwSibIASBJJR6FIu0QxxUt1RbMVAFTf6SThQrJ7JyzdbVQG7WNhT82ycicypTKSQKc0d8muq0qOeg/132","CreateUser":"5d2e7284d6a7d3b6","ModifiedUser":"5d2e7284d6a7d3b6","CreateTime":"/Date(1523953567520)/","ModifiedTime":"/Date(1523953567520)/","IsDel":"N"},{"SerId":1070,"OpenId":"oZaHZs1F4dxJzgkPVkYIll3cjwwc","UserCode":"9280ec8af64b60fb","Gender":1,"Nickname":"Allen🇨🇳王志群🇨🇳","HeadImg":"http://thirdwx.qlogo.cn/mmopen/vi_32/DYAIOgq83eqzNU6J7JdRXp0sbvzrkibP25TxIhJgZN921IFFAdXaHpHHFFgxYuiaS4GSNM8TduKkicMiapszPkHN4g/132","CreateUser":"9280ec8af64b60fb","ModifiedUser":"9280ec8af64b60fb","CreateTime":"/Date(1523943346483)/","ModifiedTime":"/Date(1523943346483)/","IsDel":"N"},{"SerId":1069,"OpenId":"oZaHZs7qMOGxDTHQoKhfyoZThop0","UserCode":"d48b726fdc2302a7","Gender":1,"Nickname":"A-陌生。","HeadImg":"http://thirdwx.qlogo.cn/mmopen/vi_32/Q0j4TwGTfTKREicoxDAnJ9OGKdDxqIusvLx34n2sIMRKMkQibVl6uaGmmVwfPMsdfwicDJNZeVF3UeLAXmjiblhibzg/132","CreateUser":"d48b726fdc2302a7","ModifiedUser":"d48b726fdc2302a7","CreateTime":"/Date(1523940748247)/","ModifiedTime":"/Date(1523940971243)/","IsDel":"N"},{"SerId":1068,"OpenId":"oZaHZs3pW7ycKZy9PXl4jGr0hdCA","UserCode":"4d13bddcdb114a1d","Gender":1,"Nickname":"L先生","HeadImg":"http://thirdwx.qlogo.cn/mmopen/vi_32/0ib2j3yuJ1hl7CxzyiaoPXvM1bZ07P2hftobsxeGBuPXBsFSTQwOQq70OoK0mJyP4xBQqvUdhz6vO3al52jtjwyQ/132","CreateUser":"4d13bddcdb114a1d","ModifiedUser":"4d13bddcdb114a1d","CreateTime":"/Date(1523939557230)/","ModifiedTime":"/Date(1523939560307)/","IsDel":"N"},{"SerId":1067,"OpenId":"oZaHZs0480ii8a_vx2oPJzUQW_DA","UserCode":"4bb1149ac3038919","Gender":1,"Nickname":"龙行天下","HeadImg":"http://thirdwx.qlogo.cn/mmopen/vi_32/nicTHH4b8XflU30hqHpERdibmdFPHF1ndXrqc9PmcHnp3oyRUVw8r7dBvhm0SVsm4HciaTLOCyU8P39icOxXAJgceA/132","CreateUser":"4bb1149ac3038919","ModifiedUser":"4bb1149ac3038919","CreateTime":"/Date(1523939462163)/","ModifiedTime":"/Date(1523939524230)/","IsDel":"N"},{"SerId":1066,"OpenId":"oZaHZs2hH4DkqFiqOuCsHlLIDzto","UserCode":"aed6c849bc0b1830","Gender":1,"Nickname":"自由自在","HeadImg":"http://thirdwx.qlogo.cn/mmopen/vi_32/Y44BhqAUMiamWgiaPEib8UQAj5XhKVaS9gbsSJPetmCT6xyhtScCJdItqu1zxuic8FcCGbJJUGJHibTWUD2TlA7O56Q/132","CreateUser":"aed6c849bc0b1830","ModifiedUser":"aed6c849bc0b1830","CreateTime":"/Date(1523939356783)/","ModifiedTime":"/Date(1523939356783)/","IsDel":"N"},{"SerId":1065,"OpenId":"oZaHZs1Djej8mn-6BuA8tY5NLi2s","UserCode":"9d0612f62cdf78c6","Gender":1,"Nickname":"[奸笑]","HeadImg":"http://thirdwx.qlogo.cn/mmopen/vi_32/Q0j4TwGTfTK7PqbGBfGANzW0OZpNYpQ5UPOAW76AqqrWd5sybQqWias1K8iau5l5BSzwia6sqg4vfibvFEmFic1glew/132","CreateUser":"9d0612f62cdf78c6","ModifiedUser":"9d0612f62cdf78c6","CreateTime":"/Date(1523939135957)/","ModifiedTime":"/Date(1523939135957)/","IsDel":"N"},{"SerId":1064,"OpenId":"oZaHZs8GwygZ1c4gmkTs2_uAj6As","UserCode":"3adee566578379c5","Gender":2,"Nickname":"A  修车找我13525061677","HeadImg":"http://thirdwx.qlogo.cn/mmopen/vi_32/DYAIOgq83epHrVsJzVH0LR09OBWm4VuYtso3uIdfdtnTwPpzNyeGazmYY8SCyX8cfWF7rknqhicJNruVsOrjNbQ/132","CreateUser":"3adee566578379c5","ModifiedUser":"3adee566578379c5","CreateTime":"/Date(1523938758150)/","ModifiedTime":"/Date(1523938758150)/","IsDel":"N"},{"SerId":1063,"OpenId":"oZaHZs6z4nmz4kdFD9SszCxdPgZI","UserCode":"a20d86eb6737f8ac","Gender":1,"Nickname":"王琪","HeadImg":"http://thirdwx.qlogo.cn/mmopen/vi_32/Q0j4TwGTfTKpBU30YBbtBfCiaZHqoefQep4qSn6AZjmpYuiblXJ9G5wzg9nrhiaP3atzSNJdXE4xoNJ7Pvh8ibu7LA/132","CreateUser":"a20d86eb6737f8ac","ModifiedUser":"a20d86eb6737f8ac","CreateTime":"/Date(1523929783720)/","ModifiedTime":"/Date(1523939145733)/","IsDel":"N"},{"SerId":1062,"OpenId":"oZaHZs4fQfgDh6LI8O5E7T9WVH9w","UserCode":"1dc691c646fd0e6e","Gender":1,"Nickname":"笑看心酸","HeadImg":"http://thirdwx.qlogo.cn/mmopen/vi_32/Br7mbYlZFSKwy3KJ7knrUsyOpbic36OZTDAXmsMBNEodAMDhwiaicP3eEtKzGtrqCicxalcjXpk9ib5SBbFiawNGHa1A/132","CreateUser":"1dc691c646fd0e6e","ModifiedUser":"1dc691c646fd0e6e","CreateTime":"/Date(1523920748627)/","ModifiedTime":"/Date(1523920748627)/","IsDel":"N"}]